{
  "dataset": "fever",
  "model_used": "text-embedding-ada-002",
  "run_name": "fever_text-embedding-ada-002_beam4_steps5_samples1000_seed42",
  "num_samples": 1000,
  "avg_time_per_sample": 14.353448457241058,
  "avg_gpu_alloc": 0.008125,
  "avg_gpu_peak": 981.5656831054688,
  "avg_bleu": 43.664446845335824,
  "avg_token_f1": 0.592346514130847,
  "avg_entity_jaccard": 0.45436276696174455,
  "avg_named_entity_f1": 0.4868167246682681,
  "total_time": 14353.448457241058,
  "seed": 42
}