{
  "dataset": "fever",
  "model_used": "text-embedding-ada-002",
  "run_name": "fever_text-embedding-ada-002_beam4_steps5_samples1000_seed42",
  "num_samples": 1000,
  "avg_time_per_sample": 14.262930369853974,
  "avg_gpu_alloc": 0.008125,
  "avg_gpu_peak": 983.5898930664063,
  "avg_bleu": 43.6983439879226,
  "avg_token_f1": 0.5912063280880069,
  "avg_entity_jaccard": 0.4339741262686116,
  "avg_named_entity_f1": 0.4730740735468273,
  "total_time": 14262.930369853973,
  "seed": 42
}