{
  "dataset": "dbpedia-entity",
  "model_used": "text-embedding-ada-002",
  "run_name": "dbpedia-entity_text-embedding-ada-002_beam4_steps5_samples1000_seed42",
  "num_samples": 1000,
  "avg_time_per_sample": 14.73048237657547,
  "avg_gpu_alloc": 0.008125,
  "avg_gpu_peak": 972.0131342773437,
  "avg_bleu": 50.64849762897097,
  "avg_token_f1": 0.5555839990161275,
  "avg_entity_jaccard": 0.4917885836822563,
  "avg_named_entity_f1": 0.5440517646707949,
  "total_time": 14730.48237657547,
  "seed": 42
}