{
  "dataset": "dbpedia-entity",
  "model_used": "text-embedding-ada-002",
  "run_name": "dbpedia-entity_text-embedding-ada-002_beam4_steps5_samples1000_seed42",
  "num_samples": 1000,
  "avg_time_per_sample": 15.399733196258545,
  "avg_gpu_alloc": 0.008125,
  "avg_gpu_peak": 972.2187934570312,
  "avg_bleu": 50.75405505932557,
  "avg_token_f1": 0.5560792359114123,
  "avg_entity_jaccard": 0.4855126275924376,
  "avg_named_entity_f1": 0.5143959164634652,
  "total_time": 15399.733196258545,
  "seed": 42
}