{
  "dataset": "climate-fever",
  "model_used": "text-embedding-ada-002",
  "run_name": "climate-fever_text-embedding-ada-002_beam4_steps5_samples1000_seed25",
  "num_samples": 1000,
  "avg_time_per_sample": 14.897011521339417,
  "avg_gpu_alloc": 0.008125,
  "avg_gpu_peak": 993.7521103515625,
  "avg_bleu": 42.682393329821146,
  "avg_token_f1": 0.5920229828351256,
  "avg_entity_jaccard": 0.4050650102212602,
  "avg_named_entity_f1": 0.44524037633470265,
  "total_time": 14897.011521339417,
  "seed": 25
}