{
  "dataset": "dbpedia-entity",
  "model_used": "text-embedding-ada-002",
  "run_name": "dbpedia-entity_text-embedding-ada-002_beam4_steps5_samples1000_seed25",
  "num_samples": 1000,
  "avg_time_per_sample": 15.10659789943695,
  "avg_gpu_alloc": 0.008125,
  "avg_gpu_peak": 1006.4399658203125,
  "avg_bleu": 48.781870436076964,
  "avg_token_f1": 0.5414974402207752,
  "avg_entity_jaccard": 0.47416698683385694,
  "avg_named_entity_f1": 0.528503004050518,
  "total_time": 15106.59789943695,
  "seed": 25
}