{
  "dataset": "arguana",
  "model_used": "text-embedding-ada-002",
  "run_name": "arguana_text-embedding-ada-002_beam4_steps5_samples1000_seed42",
  "num_samples": 1000,
  "avg_time_per_sample": 18.528467693090438,
  "avg_gpu_alloc": 0.008125,
  "avg_gpu_peak": 1312.0978115234375,
  "avg_bleu": 14.493322248379187,
  "avg_token_f1": 0.3699919219871164,
  "avg_entity_jaccard": 0.2714701500549715,
  "avg_named_entity_f1": 0.29412229515193805,
  "total_time": 18528.46769309044,
  "seed": 42
}