{
  "dataset": "arguana",
  "model_used": "text-embedding-ada-002",
  "run_name": "arguana_text-embedding-ada-002_beam4_steps5_samples1000_seed42",
  "num_samples": 1000,
  "avg_time_per_sample": 18.64629233598709,
  "avg_gpu_alloc": 0.008125,
  "avg_gpu_peak": 1312.328470703125,
  "avg_bleu": 14.457549245682356,
  "avg_token_f1": 0.369909742266618,
  "avg_entity_jaccard": 0.3042160321160321,
  "avg_named_entity_f1": 0.33310828550104865,
  "total_time": 18646.29233598709,
  "seed": 42
}