{
  "dataset": "climate-fever",
  "model_used": "text-embedding-ada-002",
  "run_name": "climate-fever_text-embedding-ada-002_beam4_steps5_samples1000_seed69",
  "num_samples": 1000,
  "avg_time_per_sample": 14.691327072620393,
  "avg_gpu_alloc": 0.008125,
  "avg_gpu_peak": 1004.2709521484375,
  "avg_bleu": 42.07390571738238,
  "avg_token_f1": 0.579428287703739,
  "avg_entity_jaccard": 0.44189435549465833,
  "avg_named_entity_f1": 0.47811048278901785,
  "total_time": 14691.327072620392,
  "seed": 69
}