{
  "dataset": "climate-fever",
  "model_used": "text-embedding-ada-002",
  "run_name": "climate-fever_text-embedding-ada-002_beam4_steps5_samples1000_seed69",
  "num_samples": 1000,
  "avg_time_per_sample": 14.52835098838806,
  "avg_gpu_alloc": 0.008125,
  "avg_gpu_peak": 999.3554028320312,
  "avg_bleu": 42.11299714001166,
  "avg_token_f1": 0.5796875566949715,
  "avg_entity_jaccard": 0.4281363932091873,
  "avg_named_entity_f1": 0.4723796888160859,
  "total_time": 14528.350988388062,
  "seed": 69
}