{
  "dataset": "arguana",
  "model_used": "text-embedding-ada-002",
  "run_name": "arguana_text-embedding-ada-002_beam4_steps5_samples1000_seed69",
  "num_samples": 1000,
  "avg_time_per_sample": 18.72780582022667,
  "avg_gpu_alloc": 0.008125,
  "avg_gpu_peak": 1316.215986328125,
  "avg_bleu": 14.244590854000755,
  "avg_token_f1": 0.36674832298347043,
  "avg_entity_jaccard": 0.2625727624888339,
  "avg_named_entity_f1": 0.2848535839689411,
  "total_time": 18727.80582022667,
  "seed": 69
}