{
  "dataset": "arguana",
  "model_used": "text-embedding-ada-002",
  "run_name": "arguana_text-embedding-ada-002_beam4_steps5_samples1000_seed69",
  "num_samples": 1000,
  "avg_time_per_sample": 19.0344462621212,
  "avg_gpu_alloc": 0.008125,
  "avg_gpu_peak": 1316.5250961914062,
  "avg_bleu": 14.391208875423139,
  "avg_token_f1": 0.36757447264843984,
  "avg_entity_jaccard": 0.29964589854589857,
  "avg_named_entity_f1": 0.329835289016539,
  "total_time": 19034.4462621212,
  "seed": 69
}