{
  "dataset": "cqadupstack",
  "model_used": "text-embedding-ada-002",
  "run_name": "cqadupstack_text-embedding-ada-002_beam4_steps5_samples1000_seed69",
  "num_samples": 1000,
  "avg_time_per_sample": 17.27108568406105,
  "avg_gpu_alloc": 0.008125,
  "avg_gpu_peak": 1191.6992944335936,
  "avg_bleu": 17.925891248435786,
  "avg_token_f1": 0.3996989877954741,
  "avg_entity_jaccard": 0.13613171966921966,
  "avg_named_entity_f1": 0.15488234118822353,
  "total_time": 17271.08568406105,
  "seed": 69
}