{
  "dataset": "climate-fever",
  "model_used": "text-embedding-ada-002",
  "run_name": "climate-fever_text-embedding-ada-002_beam4_steps5_samples1000_seed42",
  "num_samples": 1000,
  "avg_time_per_sample": 14.467460708141328,
  "avg_gpu_alloc": 0.008125,
  "avg_gpu_peak": 984.0230375976563,
  "avg_bleu": 43.64481599444451,
  "avg_token_f1": 0.5921980337096309,
  "avg_entity_jaccard": 0.45075907591941206,
  "avg_named_entity_f1": 0.4841363146563237,
  "total_time": 14467.460708141327,
  "seed": 42
}