{
  "dataset": "climate-fever",
  "model_used": "text-embedding-ada-002",
  "run_name": "climate-fever_text-embedding-ada-002_beam4_steps5_samples1000_seed42",
  "num_samples": 1000,
  "avg_time_per_sample": 14.49372817158699,
  "avg_gpu_alloc": 0.008125,
  "avg_gpu_peak": 984.5843803710937,
  "avg_bleu": 43.590417780072045,
  "avg_token_f1": 0.5925060782676344,
  "avg_entity_jaccard": 0.4283991188227837,
  "avg_named_entity_f1": 0.4684469701634546,
  "total_time": 14493.72817158699,
  "seed": 42
}